-- phpMyAdmin SQL Dump
-- version 4.9.0.1
-- https://www.phpmyadmin.net/
--
-- Host: 127.0.0.1
-- Generation Time: Oct 01, 2019 at 12:21 PM
-- Server version: 10.4.6-MariaDB
-- PHP Version: 7.3.8

SET SQL_MODE = "NO_AUTO_VALUE_ON_ZERO";
SET AUTOCOMMIT = 0;
START TRANSACTION;
SET time_zone = "+00:00";


/*!40101 SET @OLD_CHARACTER_SET_CLIENT=@@CHARACTER_SET_CLIENT */;
/*!40101 SET @OLD_CHARACTER_SET_RESULTS=@@CHARACTER_SET_RESULTS */;
/*!40101 SET @OLD_COLLATION_CONNECTION=@@COLLATION_CONNECTION */;
/*!40101 SET NAMES utf8mb4 */;

--
-- Database: `patient_management_system`
--

-- --------------------------------------------------------

--
-- Table structure for table `appointment`
--

CREATE TABLE `appointment` (
  `appid` int(11) NOT NULL,
  `apptime` time DEFAULT NULL,
  `appdate` date DEFAULT NULL,
  `type` char(10) DEFAULT NULL,
  `pid` int(11) DEFAULT NULL,
  `docid` int(11) DEFAULT NULL
) ENGINE=InnoDB DEFAULT CHARSET=latin1;

--
-- Dumping data for table `appointment`
--

INSERT INTO `appointment` (`appid`, `apptime`, `appdate`, `type`, `pid`, `docid`) VALUES
(1, '12:59:00', '0000-00-00', 'Consultati', 1, 1),
(2, '01:00:00', '2019-09-05', 'Consultati', 1, 1),
(3, '01:00:00', '2019-09-12', 'Consultati', 1, 1),
(4, '13:56:00', '2019-09-13', 'Consultati', 2, 4),
(5, '13:00:00', '2019-09-05', 'Consultati', 1, 4);

-- --------------------------------------------------------

--
-- Table structure for table `department`
--

CREATE TABLE `department` (
  `deptId` int(11) NOT NULL,
  `deptLocation` varchar(10) NOT NULL,
  `deptName` varchar(15) NOT NULL
) ENGINE=InnoDB DEFAULT CHARSET=latin1;

--
-- Dumping data for table `department`
--

INSERT INTO `department` (`deptId`, `deptLocation`, `deptName`) VALUES
(1, 'Malabe', 'Cardiology'),
(2, 'Colombo', 'Orthopedics'),
(3, 'Ragama', 'General Surgery'),
(4, 'Balangoda', 'Gastroenterolog'),
(5, 'Kandy', 'Dermatology');

-- --------------------------------------------------------

--
-- Table structure for table `doctor`
--

CREATE TABLE `doctor` (
  `docId` int(11) NOT NULL,
  `specialization` varchar(20) NOT NULL,
  `username` char(13) NOT NULL,
  `fName` varchar(10) NOT NULL,
  `lName` varchar(20) NOT NULL,
  `docPassword` char(8) NOT NULL,
  `deptId` int(11) NOT NULL,
  `userimage` varchar(200) DEFAULT NULL
) ENGINE=InnoDB DEFAULT CHARSET=latin1;

--
-- Dumping data for table `doctor`
--

INSERT INTO `doctor` (`docId`, `specialization`, `username`, `fName`, `lName`, `docPassword`, `deptId`, `userimage`) VALUES
(1, 'Allergists', 'DOC1111111111', 'Akila', 'Liyanage', '11111111', 1, 'http://localhost:8080/pms/src/images/doctor-images/02_doctor_Insider-Tips-to-Choosing-the-Best-Primary-Care-Doctor_519507367_Stokkete.jpg'),
(2, 'Immunologists', 'DOC2222222222', 'Himasha', 'Mandakini', '22222222', 3, 'http://localhost:8080/pms/src/images/doctor-images/doctor-smiling-with-stethoscope_1154-36.jpg'),
(3, 'Anesthesiologists', 'DOC3333333333', 'Shalini', 'Bope', '33333333', 2, 'http://localhost:8080/pms/src/images/doctor-images/download.jpg'),
(4, 'Cardiologists', 'DOC4444444444', 'Malaka', 'Dasun', '44444444', 1, 'http://localhost:8080/pms/src/images/doctor-images/images%20(1).jpg'),
(5, 'Rectal Surgeons', 'DOC5555555555', 'Avishka', 'Karunarathna', '55555555', 5, 'http://localhost:8080/pms/src/images/doctor-images/images.jpg');

-- --------------------------------------------------------

--
-- Table structure for table `doctor_email`
--

CREATE TABLE `doctor_email` (
  `docId` int(11) NOT NULL,
  `email` varchar(20) NOT NULL
) ;

--
-- Dumping data for table `doctor_email`
--

INSERT INTO `doctor_email` (`docId`, `email`) VALUES
(1, 'doc123@gmail.com'),
(2, 'doc234@gmail.com'),
(3, 'doc456@gmail.com'),
(4, 'doc567@gmail.com'),
(5, 'doc678@gmail.com');

-- --------------------------------------------------------

--
-- Table structure for table `doctor_medicalrecord`
--

CREATE TABLE `doctor_medicalrecord` (
  `docId` int(11) NOT NULL,
  `recordId` int(11) NOT NULL
) ENGINE=InnoDB DEFAULT CHARSET=latin1;

-- --------------------------------------------------------

--
-- Table structure for table `doc_department`
--

CREATE TABLE `doc_department` (
  `docId` int(11) NOT NULL,
  `deptId` int(11) NOT NULL,
  `schedulTime` datetime NOT NULL
) ENGINE=InnoDB DEFAULT CHARSET=latin1;

--
-- Dumping data for table `doc_department`
--

INSERT INTO `doc_department` (`docId`, `deptId`, `schedulTime`) VALUES
(1, 1, '2019-12-31 23:59:59'),
(2, 1, '2019-12-11 20:40:50'),
(3, 1, '2019-12-14 06:15:00'),
(4, 1, '2019-12-16 07:00:00'),
(5, 1, '2019-12-16 07:00:00');

-- --------------------------------------------------------

--
-- Table structure for table `doc_patient`
--

CREATE TABLE `doc_patient` (
  `docId` int(11) NOT NULL,
  `pId` int(11) NOT NULL
) ENGINE=InnoDB DEFAULT CHARSET=latin1;

--
-- Dumping data for table `doc_patient`
--

INSERT INTO `doc_patient` (`docId`, `pId`) VALUES
(1, 1),
(1, 2),
(1, 3),
(2, 2),
(2, 3),
(3, 4);

-- --------------------------------------------------------

--
-- Table structure for table `doc_phone`
--

CREATE TABLE `doc_phone` (
  `docId` int(11) NOT NULL,
  `phone` varchar(10) NOT NULL
) ENGINE=InnoDB DEFAULT CHARSET=latin1;

--
-- Dumping data for table `doc_phone`
--

INSERT INTO `doc_phone` (`docId`, `phone`) VALUES
(1, '0773300941'),
(2, '0773300942'),
(3, '0773300943'),
(4, '0773300944'),
(5, '0773300945');

-- --------------------------------------------------------

--
-- Table structure for table `guardian`
--

CREATE TABLE `guardian` (
  `NIC` char(10) NOT NULL,
  `pId` int(11) NOT NULL,
  `guardianAddress` varchar(30) NOT NULL,
  `guardianName` varchar(15) NOT NULL,
  `email` varchar(50) NOT NULL,
  `phone` varchar(10) NOT NULL
) ENGINE=InnoDB DEFAULT CHARSET=latin1;

--
-- Dumping data for table `guardian`
--

INSERT INTO `guardian` (`NIC`, `pId`, `guardianAddress`, `guardianName`, `email`, `phone`) VALUES
('123422280V', 3, 'no8,malabe', 'Dulith', 'dulith@gmail.com', '0773300941'),
('789022280V', 5, 'jawatta road,colombo5', 'Nethpiiya', 'nathpiya@gmail.com', '0773300941'),
('934522280V', 2, 'no7,kandy road,malabe', 'Thinura', 'thinura@gmail.com', '0773300941'),
('956722280V', 4, 'no9,summit flats,colombo5', 'Gimhana', 'gimhana@gmail.com', '0773300941'),
('995672280V', 1, 'no6,new kandy road,malabe', 'Pramod', 'prmod@gmail.com', '0773300941');

-- --------------------------------------------------------

--
-- Table structure for table `medical_records`
--

CREATE TABLE `medical_records` (
  `pId` int(11) NOT NULL,
  `recordId` int(11) NOT NULL,
  `labReport` varchar(50) DEFAULT NULL,
  `diseaseType` varchar(50) DEFAULT NULL,
  `bloodGroup` char(3) DEFAULT NULL,
  `blood_presure` float DEFAULT NULL,
  `blood_sugar_level` float DEFAULT NULL,
  `heart_rate` float DEFAULT NULL,
  `weight` float DEFAULT NULL,
  `issued_date` date DEFAULT NULL
) ENGINE=InnoDB DEFAULT CHARSET=latin1;

--
-- Dumping data for table `medical_records`
--

INSERT INTO `medical_records` (`pId`, `recordId`, `labReport`, `diseaseType`, `bloodGroup`, `blood_presure`, `blood_sugar_level`, `heart_rate`, `weight`, `issued_date`) VALUES
(1, 1, 'Blood', 'Stroke', 'A+', 60, 90, 90, 90, '2019-09-02'),
(3, 2, 'Tissue', 'Diabetes', 'O-', 70, 70, 120, 80, '2019-09-18'),
(2, 3, 'Urine', 'Stroke', 'B+', 100, 100, 50, 74, '2019-09-16'),
(5, 4, 'Blood', 'obstructive pulmonary disease', 'AB-', 90, 90, 60, 65, '2019-08-05'),
(4, 5, 'Blood', 'Trachea', 'A+', 40, 40, 80, 27, '2019-07-03'),
(1, 7, 'Urine', 'Heart Attack', 'A+', 60, 120, 100, 90, '2019-09-04'),
(1, 10, 'Tissue', 'Common Cold', 'A+', 60, 60, 100, 20, '2019-08-13');

-- --------------------------------------------------------

--
-- Table structure for table `patient`
--

CREATE TABLE `patient` (
  `pId` int(11) NOT NULL,
  `fName` varchar(10) NOT NULL,
  `lName` varchar(15) NOT NULL,
  `DOB` datetime NOT NULL,
  `NIC` char(10) NOT NULL,
  `phone` varchar(10) NOT NULL,
  `email` varchar(50) NOT NULL,
  `username` char(13) NOT NULL,
  `patientPassword` char(8) NOT NULL,
  `userImage` longblob DEFAULT NULL,
  `gender` char(3) DEFAULT NULL
) ENGINE=InnoDB DEFAULT CHARSET=latin1;

--
-- Dumping data for table `patient`
--

INSERT INTO `patient` (`pId`, `fName`, `lName`, `DOB`, `NIC`, `phone`, `email`, `username`, `patientPassword`, `userImage`, `gender`) VALUES
(1, 'Akila', 'Liyanage', '1999-05-11 00:00:00', '991322280V', '0773300941', 'akilaliyanage@gmail.com', 'PAT1111111111', '11111111', 0x687474703a2f2f6c6f63616c686f73743a383038302f706d732f7372632f696d616765732f75736572312e706e67, 'M'),
(2, 'Sandamali', 'Geethika', '1998-05-11 00:00:00', '981322678V', '0773334941', 'sandamaligeethika@gmail.com', 'PAT2222222222', '22222222', 0x687474703a2f2f6c6f63616c686f73743a383038302f706d732f7372632f696d616765732f75736572322e706e67, 'F'),
(3, 'Sachindu', 'Gimhana', '1997-05-11 00:00:00', '971345280V', '0773356741', 'sachindugimhana@gmail.com', 'PAT3333333333', '33333333', 0x687474703a2f2f6c6f63616c686f73743a383038302f706d732f7372632f696d616765732f75736572332e706e67, 'M'),
(4, 'Nethsara', 'Liyanage', '1999-05-11 00:00:00', '991356280V', '0773456941', 'nethhsaraliyanage@gmail.com', 'PAT4444444444', '44444444', 0x687474703a2f2f6c6f63616c686f73743a383038302f706d732f7372632f696d616765732f75736572342e706e67, 'M'),
(5, 'Sajani', 'Mayadunne', '2000-05-11 00:00:00', '2000132228', '0773457641', 'sajanimayadunne@gmail.com', 'PAT5555555555', '55555555', 0x687474703a2f2f6c6f63616c686f73743a383038302f706d732f7372632f696d616765732f75736572352e706e67, 'F'),
(6, 'Admin', 'Admin', '0000-00-00 00:00:00', '991322260V', '0773300941', 'admin@admin.com', 'admin', 'admin', 0x89504e470d0a1a0a0000000d4948445200000200000002000806000000f478d4fa0000000473424954080808087c086488000000097048597300000dd700000dd70142289b780000001974455874536f667477617265007777772e696e6b73636170652e6f72679bee3c1a000058d54944415478daed9d77785455c287bf4517e935d40494552cbbab2822a222022a45a47730d4d04be84d7a0921404494de7b11422f21244048ef092433a18700a98028a127e73b274ed88029536e39e7dedf1feff3ede3a790dcb973de77ee9cf27f8490ff0300f0cdf985af15a73850ea509a523a5306537ea4b8533651f6500e513c29a729819470ca79ca454a02259972979241796622c3f4cf924dffce45d37f136efa334e9bfecc43a6bf6393e9effcd1f4337436fd4c754c3f6371bc6600f00f2e0200ea8abd28e54dca371427ca3cca368a37258a924879402182f1c0f4b347997e976da6dfcdc9f4bbb2dfb928ee01001000006855f045286f501a53fa52665136537c4d82cc1450ee529169ba06bea66b32cb748d1a9bae5911dc43002000001041f676a647e1ce94759450413fbdf3f41421d4742d9d4dd7d60ef71a00080000d47c6ccfbeef76a42ca41ca7dc82b015e396e99a2f34bd0675f0750200080000e4103efbbeba176535e51ce52924cc1d4f4dafcd6ad36bf526ee5d001000005822fb57299f50469966bc2741aec292647a0d47995ed357718f038000002047f86528cd29b3293ea6257190a736c930bdc6b34daf7919bc07000200007dcdca6f609a711eacf359f87a27d3740fcc32dd13587500100000684cfa5529bd293b28b7213e900fb74df708bb57aae2bd0310000088f93d7e238a0b25829205b9010bc932dd3b2ea67b09f307000200004ea55fd6f4c96d2fe51e040624e69ee9de62f75859bce70002000075a55f9ad2937290f21892020af1d874cfb17baf34de8b0001008032d22f49e94af1a03c848c80ca3c34dd8bec9e2c89f72840000020adf4d949781d29bbb14c0f70becc70b7e95ec58988000100800dcbf55a50b653fe845c8060fc69ba775b607921400000609ef8d979f2d34de7d24324400b2498ee6907bcc70102008017a5ff0aa50de510e519840134ca33d33dceeef557f0de070800a067f1d7a2cca5dc841c80ceb869baf76b612c000800a017e9ff93d28972021bf40090fd1e38617a4ffc1363044000002d8adfcef43d680a067d00f224c5f41eb1c398011000400be2af4d59417980011e00b378607acfd4c6180210004044f137a4ecc3697b00d8745a217b0f35c4980210004084d9fcecbbcc200cde00484a90e9bd85d503000100b8db9e7704e532066a0064e58ae9bd866d87010200a82afe32a6494b77303003a028774cefbd32188b00020028fd897f22e53606620054e5b6e9bd88270200010064157f31ca682ce50380cb2584ecbd590c631540000029c55f9432143bf60120c40e83ecbd5a1463174000005bc4ff2ac50907f30020e40144ecbdfb2ac63280000096889f1dc5eb48b984811400a1b9647a2fe3486280000085cabf31250a0327009a82bda71b638c03080090dfc97c7b315002a069f6e2044280000039e22f4571a13cc2e008802e78647acf97c218880000fa14ff3f287d2849181001d02549a631e01f18131100403ff2ff82128a011000601a0bbec0d8880000da167f4dca0e0c7800803c6063434d8c950800a0bd53fac6513230c801000a20c33456e0d4410400d080fc3fa4846160030058001b333ec4188a0000e2eedbef4a798ac10c0060054f4d6308ce17400000c136f3b980010c00200117b089100200f02ffe729435942c0c5a000009c9328d2de530d62200007ff2ef40b985810a0020236c8ce98031170100f8107f558a070626008082b031a72ac6600400504ffe6d2869188c00002ac0c69e36188b11004059f197a0acc4000400e000361695c0d88c0000f2cbbf2ec588410700c0116c4caa8b311a0100e4117f11ca04ca130c3600000e79621aa38a60cc460000e9e4ef40f1c1000300100036563960ec460000dbe5df997207830a004020d898d519633802005827fe52940d1848000002c3c6b05218d31100c07cf9bf4389c3e00100d0006c2c7b07633b0200142eff76947b183400001a828d69ed30c6230040feb3fc5db08f3f0040c3e709b86095000200bc28ff8a144f0c1000001dc0c6ba8a18fb110090ff5f1bfb5cc3a00000d011d7b071100240eff2ef437988c10000a043d8d8d7072e4000e84dfc4529cb3100000040f65858146e4000e841fe55280178d30300c073d89858058e40006859feef51aee2cd0e00007f838d8defc11508002dcabf09e52edee40000902f6c8c6c02672000b424ff5ee7718a1f000098031b2b7bc11d08002dc87f26ded00000603133e1100480c833fd37e34d0c000056b3192b041000a2c9bf1ce514debc000060336c2c2d07b7200044907fadf338c90f0000a4848da9b5e0180400cff2ff989282372b0000480e1b5b3f866b10003ccabfe1791ce30b000072c2c6d886700e028027f97f4bc9c09b13000064878db5dfc23d08001ee4df96f2086f4a0000500c36e6b6858310006acabf3be529de8c0000a0386ceced0e172100d490bf1325136f420000500d36063bc149080025e53f8a9285371f0000a80e1b8b47c14d080025e43f156f380000e08ea9701402404ef92fc09b0c0000b865015c850080fc0100001100100078ec0f0000f83a0020002c9ff087371400008805260622006c5eea87d9fe000020e6ea002c11440058bdc90fd6f9030080d8fb0460b3200480c5dbfb62873f0000d0c68e81d836180160f6c13ed8db1f0000b4031bd371801002a0d0237d71aa1f0000680f36b6e3286104409ef2fff8fc5f674de38d020000da848df11fc3790880dcf2af4549c19b0388448c5b311239bf380977294142e6952041734a9280d9a5c8d999a5c99919a5c9a9696588f7d4b2c46b4a39e239b93c393a915121fb9fb37fff9cdb6b24cab518ae25d01b6cacaf05f7210098fccb51e2f0a600bcc2c47e7c5279b26b6465b2cac99eb875af45a6b47d9b8c6cfe1f32a299f53837ff37f9fe836aa47dddeaa4e767d5c9e026d5c9c4efab12b76e95c8864115c8b1496548240201681336e6974300e85bfe4529a7f06600aa7f9a5f502cfbd3bac7683bb27e5075f2d30faf93191d6a93d12dfe6d93e40b83054041b4a674a86b4f1c3fb727e35a56256b069427217311054013b0b1bf280240bf01b0196f02a016feb34a919df453fda29e6f90d12ddf9355f4d606407e74ab6f4fc6b6ac46d638552021f38ae3f504a2b21901a04ff9cfc4cd0f94847d5f7f784205b2a29f03f9b1eddbaa085faa00c83f082a9290b908022014331100fa927f2fdcf440094e4f2f43b60cad4a5cbafe2bfb3b771ea42f4700bc4c8f06f6646ea7aac46f5649dc0740047a2100f421ff269427b8e1815c84cd2b912dfd296ddee14ef84a05c0f3390475aa93fe8d1cc88abe9548a42b9e0c006e614e688200d0b6fcdfa3dcc5cd0ee4804de25bdabb2619d5e2dfdc8b5fa900c84dfbbaf664547307f29b7305dc2f8047981bde43006853fe55285771930329895a508cec195589cceaf49630d2572b0072d3fd5307b2a05b6512ea82a702802b9823aa2000b4b7dc2f003737900ab6e1ce9a01f6645cabf78414bfda0190439b0fab9351cdab119fa9a5705f015e08d0cbf240bd04c072dcd4400ad82e7a6e3d6a092d7d9e02e07908d4a94e467c6b4f4efe5806f719e081e508006dc8bf0f6e66602ba1f34a905ffbd4d08cf8790b80dc4f04c6b4b0276767e08900509d3e0800b1e55f97f2103732b065bffdedc3ab90b1dfbda739f9f3180039b4fdd09e4c6e5d9d04cf2d81fb10a80573475d048098f2af48b9869b1858cbb149e5c9b4f6b535297ede03e0f9ca818fecc9ec8ed548c47c4c1604aac01c5211012096fc8b503c71f3026b27f82deef986a6c52f4a00e4d0f1637bf273af4ae41cee4fa03ccc25451000e204800b6e5a60f1923ed7e2d907f188b48e5f2f019083e367f6c46b7269dcaf40695c100062c8bf1d250b372cb004bf99a535ffb85f0b01903351707ed7aae49c1bee5ba018cc29ed10007ccbff1dca3ddcacc012d8013d63343ac94f8b019043af2f6a90e393cae21e064ac1dcf20e02804ff997a2c4e1260596b07170355d8a5f0b01c068f7913d59d4a32aee65a014cc31a51000fc05c006dc9cc05cd8acf2453a99e8a7e500c86160630712381b270f0245d88000e04bfe9d7153027cdfafdf00c85929b0656845dce340093a2300f890bf03e50e6e4860eef7fd6375fa7dbfd60320fbf861ca84efab671fd284fb1dc808738e030240fdf5fe3eb8198139ec185105d2d77800fcefb4417b727a1ab61306b2e223fafe00a207c004dc84c01c0e8cad08e1eb280072be1238341eab0480ac4c4000a8b7cfff13dc80a030bca694d3d5e63e08801757096c1d5a01ef0320174f443e2f4054f997a01871f381c2383bb334bef3d77100e41c35fc4befca783f00b9602e2a8100502e0056e2a60385113cb72499dce61d885ee701903d39b04e3532ab6375bc2f805cac44002823ff36b8d9406144ce2f4e66767c0b924700bcc0d8960e241a2b04803cb44100c82bffaa9434dc68a02062dc8a9105dd6b41f008803c19d2b4062200c80173535504807c01e0819b0c14c6f2be352077044081f46fe440225d110140723c1000f2c8bf036e2e5018277f2c0bb12300cc3b4ce8737b1236af38de37406a3a2000a4957f39ca2ddc58a020d8f1b0b33be17b7f0480f9f4684023c00511002485b9aa1c0240ba0058839b0a14c69e519520750480c5f4fdcc81c4e04900909635080069e4df9892851b0a1476badf84efdf85d411005631ac614d727e3e2200480673566304806df22f46b9809b0914c6da81d5217404804dfcd8e47512878981403a98bb8a2100ac0f0057dc44a030fc679522ced8ea170120013f37af89080052e28a00b04efe1f529ee2060285b1a8e71b90390240a21d03ab939d6d1c1001402a98c33e44005826ff572861b8790096fd210094a6ed87d5c9a94ef688002015cc65af2000cc0f8071b86980392cc3a63f080019e850d79ec474af86080052310e01609efc6b523270c380c260dbb9e2a43f04805c74ad57835cffa10a22004801735a4d0440e101b003370b308783e32a42e2080079f708f8b426b9d7a712220048c10e0440c1f2ff02370930979f1c5f87c41100b233a9614d92d117110024e10b0440def2ff0725143708309789addf81c411008ab0e59b1a88002005cc71ff4000fc3d00fae0e600e61238a724048e00507465c0e536f6880020057d10002fcabf14250937063097fd63ed20700480b2a707d6af419e75aa860800b6c25c570a01f0bf0070c14d012c6169ef9a10380240715c1abf4e082200d88e0b02e02ff9d7a23cc20d01b0ef3f028077dad4a94e7c5ad54404005b61ceab850058f8da5edc0cc05c56f67780b81100aad2a55e0d72afa33d2200d8ca5e5d07c0f9bf8efac58d000ae59cdb6be4d73ed8f50f01c0c9d2c0466f6407002200d848635d0600fdc58b50a270030073d830088ffd11003c1d1a548d9c68591311006c8539b0881e03c0112f3e30f7c09f91cd216b04005f74fed881fcd1a13a2200d88aa3ae0280fec2af522ee18507851131bf3899d2f66dc81a01c0ed2e81390180080056c25cf8aa9e02c0092f3a30875fb0dc0f01c0f3570114af96351001c0569c741100f4172d4a49c00b0e0ae3000efb41000840a7ba0ee47eaeaf021001c00a98138bea210086e2c5068511e3560c8ffe1100c230f18b179f02200280150cd57400d05fb018e5265e685018fbc660ab5f048058847e6f8f0800b6c0dc584ccb01301a2f323087191d6a43d00800a1e853ffef4f011001c042466b3200e82f56929282171814c69109152067048090ec6986080036c11c59528b0130112f2e3087b99ddf849c1100824e08b4278f3b564304005b98a8a900a0bf5019ca6dbcb0a030bca6948398110042b3b871cd3c03001100cc84b9b28c9602603a5e54600e6edd6b41cc0800a169fb617592d2ae3a2200d8c2744d0480e9bbff3b7841416104cf290929230034c1f82f6ae41b00880060067794980ba044008cc08b09cc61cfa84a90320240333b04467def800800b63042e800a0bfc02b942b782181392c717c1d52460068867ef50b7e0a80080085c0dcf98ac801d0092f223087736eaf9171adde859411009a627f734400b0894e220740105e40600e3e53cb42c80800cdd1ed6307925548002002400104091900f4076f88170f98cbe621d52064048026d9f96de14f011001a0001a8a1800fbf0c2017399d7059bff2000f4fd14001100f2619f5001407fe0da944cbc70c01c22e61727cecdffad3bf98e6e55875c0f5b4dc20ecd23eba67623635b7f8400d0ea538066e63d054004803c602ead2d5200acc08b06cce5f0787deefd7f70d970426e1f79ce93a4fd24dad38d6c9cd9333b0e1000fa7c0a80080079b0428800a03fa81de5015e30602e2bfa39e84efed3ba7d4e1edfdaf74200e4e6cfabbbc989f5e3c88c1e0d11003a9b0b80080079c09c6a27420060db5f80a37f0b21fcd0bc7ce59f9bacf4c324e6c442b26c5c7b32b2f97f11003a7a0a800800726f0f2cb5fcff791e47fe020b19dd425fdfff2f716e6d96fc5f26357613f15832984c68570f01a093a700880070fec5a382ffc9730060e31f60d9feff73f5b5ffbf738bf7c9cdc8b55605400e8f6fed27017b669005039b2100447b0a50cff2a700880020d7c6405207c009bc4000c7ffe6cfee45036c92ffcb5c095a4e36cdfe818cfaee030480869f0220028089135c0600fdc16a51b2f002011c009437933bd52719d7f7481a0039fc716557f6d703632c5c3d00212b4fcf7a0e5605002200981c5b8bc700988b170758caba81d5751300d1c717c822ffdcfc7e6907f96df100b39f0840c8ea70f63b4400b09ab95c0580e9d4bf9b786180c52700f6d2c709809be738ca2effdcdcb9b08dec58d08f8c6af901028043867f56d3ea004004e89e9b529d12285500b4c18b02ac6141f75aba58f3ff20718fa2019043ba610bd9e6d23b7bf22102801f5ad7a94e6eb4b34704006b69c353001cc20b02ac6176a7b7342d7fb676df707a892af27f7909e1fae93d10001c31a7916d4f011001bae6101701407f1007ca33bc20c01aa6b67b5bdbb3fe173aa92effdc5cf05d4ae6f56b8a00e080f61fd993c71dab2102803530e73af01000d8f90f58cdf8efdfd5acfc67f76a54e076bf6a91997a88786f9e48c6b5ad0b11abcc866f6c7f0a8008c0ce80aa0400fd018a5012f042006b71d6e82e80ce2ddfcf5ea3cf9bfc7373eff20e32fcfb0f206215e961c392404480ee61ee2da26600b4c08b00ac258a0e565afdf47f6aeb64aee59f4372e402b27bf10fa463bd1a10b24a9cf90e1100aca6859a01b01d2f00b096d0792534297f769caf08f2cf0900c6d580396462f74f21641518f6594dc9020011a03bb6ab1200f42f2e4ef9132f00b0963017ed05804bffafb3f7ea172d007238be6e10e9fce9eb10b382b4a9539ddc6d5f1d1100ac8139b8b81a01d011171fd842b84b714dc97f42bb8f496aec6661e49f5700301282e692293d3f839c1564f5d735240d004480aee8a84600ecc68507b61031bfb8a6d6fb9ff35a2894fcf30b801c0eafea4f3a7d5213825680def5a50f0044806ed8ad6800d0bfb0242503171ed83609503b017064a5b370f22f2c0018d702e792719d3f81a415e04a1b7b4400b006e6e2924a0640575c74602bd10bb4b10a60f36c4792957e5893019083c7cfbdb0524066163496e72900224017745532003c70c181adc4b8891f00cbc7b527cf520f0a297f4b028071e9ec2ce2dcf623c85a26ba7eec205b002002348f87220140ffa2d29487b8e0c056ceb9bd26b4fc170e6e4e1edddc27acfc2d0d801c36ccee44da7e680f69cb40682b7b4400b006e6e4d24a04404f5c6c20d94e80cdff2dec36bf7f5cdd25b4fcad0d0046b0c718d2b5c11b90b6c4fcd8b0a6ac018008d0343d95088083b8d0402a26b57e4738f94fe9fc69f631bba2cbdf9600c89e20e83f9b0c6ef95f885be2038232650e0044806639286b00d0bfa02ce5312e34908a991dc53a0e7872a7fae446c45a4dc8dfd600c861ee80c6a435e42d19275a3ac81e0088004dc2dc5c56ce00e88d8b0ca4c4b55b2d61e43fbdc71724e5fc46cdc85faa00606c77ed46da7d847901a27c0d8008d02cbde50c80bdb8c0404a7eee555308f9cfe9d398dcb9b04d53f29732001867778c209db17190cd74ae6baf5800200234c75e590280fec1af52eee102032959e564cfbdfcdd0635237f5eddad39f94b1d008cf327a6901f1abe0991db88a1352200580573f4ab720440235c5c20359b8754e35afe4b9c5b938737f66a52fe7204c05f6709cc21839aff0722b701f7c635150d004480a668244700b8e0c202a9d9ed5c995bf9af9cd8893c49daaf59f9cb1500d9442c209370bcb0f567037ce2a07800200234838b1c0110810b0ba4e6e0f88a5cca7fd3ac1f4866ea214dcb5fd60030e13eaa39846e05adeb5493fc886044806e88903400e81f589592850b0ba4e6d4b432dcc97ff7422761f7f6e72d00181be774a242ab0eb15bc8d66f6aa812008800e161aeae2a650060f91fd0c591c087568cd485f8950c00c60eb7eea40d22c022867fa65e002002f4b11cd0dc00d8810b0ae462c2f7efaa2e7ee716ef93535b27eb4afe4a0600639b6b37448005b4fbb0baaa018008109a1d920400fd838a506ee38202b970e9fa2f7537f8e9fe05b91cb04c77f2573a00185b5cba20022c20a6b503220058037376112902a0012e269093657d6ba826ff55933a938c84df74297f350280b1796e67cc093093954d6ba81e0088006169204500ccc2850472b26d7815c5c53feabb0f88cf9649ba15bf9a01903d31707647448019387fc6470020028464961401108c0b09e4e4c8840a8aca7fe60f5f9284d055ba97bf9a01c0583f1311c0dbb6c088004d116c5300d03fa00c25131712c889dfccd28ac97ffdf41e9aded94fa40060ac9dde1e11500849edaa23028035307797b125009ae32202b989712b469c9bff5b56f18f695587f8ed9e06e97316008ca5e3be83e80be0b76635b80a0044805034b7250066e302022598daee6dd9e4efd2ff6b7233722d84cf690030e60c680cd9e7c3d42f6b721700880061986d4b00f8e00202658e057e5d72f18f6b5b97f86c9ea88b2d7d450f00c6e80e7521fc3cf8a19e039701800810021fab02c074fc6f062e2050821d23a45d09b061664ff2fba51d90bc40017033d485f46efc36a4ffb77301aa93a79c060022807b320a3a1eb8a000f804170f2885f7d4b292887f6e9f2624def767c85dc0006018bda791cef56b42fc1c6e08840810964fac098051b8704029a217d83611706ceb8f88d786f1e459ea41885de00060f86e1f41da7d640ff1e762c7b735b80e004400d78cb22600f6e0c2012599dde92d8bc53fb2f97fc9fae9ddc99d0bdb20748d0440f6e1410b706e406ee636aac97d002002b8658f350190840b079464657f078bc58fd9fdda0c00c63cac0c78ced0063584080044009724591400f43f7813170d288dc7683bb34eeddb34fb07921cb30102d77800dc0a9b4f067efb1e0280d2f5630761020011c0256f5a1200bd70c1004f3b023ab77c9f6c73e94d52633743dc3a0980ec49813ed348a74f302990ad04c81428001001dcd1cb9200588d0b06d4607c9b3a7fdbb7fff8da31e4eec5ed10b60e0380e1b96e20e60350ceb716eb290022802b565b1200e770c1801afc34f8cbec6d7b37ceec49e2cffc4cb2d20f43d43a0f00c692d12d741f00bb9ad5102e001001dc70ceac00a0ff6251ca535c30a0341756bd412e784e2419d7f740ce0880bf31acd507ba0e80858dc50c0044001730a717352700eae0620125b9b2f943f247e44c42f0691f01500057fd67932e9fbeaedb0098d4b0a6b0018008e0823ae60480232e14508aa4a39da888207e0480799cda324cb7c7070f695043e8004004a88ea33901b010170ac8cea26224dd7708248c00b07c7f80814d7419008e9f881f0088005559684e001cc78502729376da0902460058bd3f40b7cf6ae92e003ad5b5d74400200254e3b83901700b170ac8c9e54defe3fb7e04804d9c583f88b4d65900b0a5905a090044802adc2a3000e8bf60878b04e424d6bd1479746535e48b00b09949dd3fd5dd5380dbed1101c026ec0a0a80a6b840404e52bc7e8078110092ad0ae858af86ae022042c0cd8010015cd1b4a00070c60502b27dfa5f5c823c4ddc02f122002463d7e29eba0a80232d6a682e0010018ae25c5000acc305027271fdb7c6902e02407206b5f88f6e026077336d0600224031d6151400a1b840402eee9f5f00e922002427f2f044d2e6437dec0db0e91bed060022401142f30c00faff284279800b04e4c0b8ac2a848b0090716f80c6ba0880154db51d008800d9618e2f925700bc818b03e422617723081701201b8921f348a77ada3f36f8a72635351f008800d97923af00688c0b0364dbf8e71436fe4100c8cbca296d341f00ae5fe923001001b2d238af00e88b0b03f0fd3f02405492221690ae0dded07400ccfcb2866e020011201b7df30a8059b830401e8a91cc94bd102e024076b62fe8aee90098dcb0a6ae020011200bb3f20a80cdb830400e0c3f57806c11008ad1e38b7f693600c67eaebf00400448cee6bc02c0171706c8c185556f40b608006c0e2401e3bfa8a1cb004004488a6f5e0190880b036439fc67e3fb902d0240517e68f826be02400480bc497c2100e83f284ac9c48501b22c01dcf939648b0050943d3f396a3200a67e5943d70180089004e6faa2b903e04d5c142017891edf42b60800c5716cf496e6026016020011200d6fe60e806f7041806c670060132004800aec5da2bda700f31ad544002002a4e09bdc01e0840b02e4e2ead67a902d024015ba7f5e4b5301e0f6159e00200224c1297700ccc30501b24d02dcf06fc81601a00acb267eafa900706f8c270088004998973b00b6e18200d99601ae7c1db24500a84242e05cd2f6437bcd04c0b2267802800890846db903c01b1704c8b611d02f95205b04806a8cef525f3301b0a7190200112009deb903200a1704c8c9b35bbb205c04802af8ef72d64c0004b5b287ec11015210953b00b00910c061400800cdd2ebabda9a0880a476d5217a4480649b01e504c0035c102027e9670641b80800d55837b383f0f26f5d07f2470448c683ec00a0ffa3382e06909b1b1ecd205c04806adc0c9d4fdad775103a003ad5c5e37f4480a4146701e0800b01e4e6e2dada102e024055a6f6fa5ce800e8f58903c48e08901207160075702180dcc42e2a8e898008005509dd3f56e80018d6002b0010019252870540535c08a00477832740ba080075cf07f8f22d810f02c2264088004969ca02a0332e04c0990008003db060e8d7c206c0922608004480a4746601301817022841dc4f6548668a07c48b00508df083e3850d809ddfe22b004480a40c6601f0232e04508a7b11d3215e04000e08b202bfef3009101120293fb20070c785004a91b8f71b881701a02ab39dbe12320012db611920224052dc59006c82988062ab011697204f12b740be0800d5f013706be0d675aa914c881b11202d9b5800ec81988092241fef0af9220054a573fdd7850a800e1fe1d33f224072f6b000380429014527032e294f32937f83801100aaf1e30f9f611320a0f70838c402c01352024a93767a00048c00508da3ab9d840a80e95f6205002240723c59009c869080d21897552599c97b206104802a2445b892761fd90b13001ecd10008800c939cd02201042026a70eb487b481801a01a435bbd2f4c00a4b5c749808800c9096401100e19015558548c3c30fc041123005461e594b642c8bf4b5d7cff8f089085701600e72123a0e6298159690721630480e2441e9a2044008cfa1c8fff1101b2709e05c0458808a8498a9723648c0050858ef56a701f006bbe4600200264e1220b80044808a84b31f27bd8140819018079007910db1a7b002002642181054032040454df21d0bd14c9885b0c29230014c57d5473aee5dfee434cfe4304c846320b80bb1010e001c32f95c8e3ab6b21660480629cde3e9ceb0018f0291eff230264e32e0b800cc807f0b43fc003235606200094e166d87cd2a64e756e03c0ad31020011201b192c009e413c80b7af03ee068d83a011008ae0f8e55bdc06c0a99658028808908d670800c02d49473b92cce4bd10350240562676fb94d31300ab93471d215d4480bc0180af0000bf5f09fc5299a4fb0e2159a9fb216c04802cac9dd19ecb00f8a11e3efd2302e4ff0a00930001f7c4afb02767360d20912716918ceb2f9e219091b897841e7525ae235a9335737a43ec08008b08dd3f8ecb0070695413b24504c83e0910cb008110acec5f9eb4ffb826e950ef7532b4f5c7c4a9791dd2a5c1bfb2ff590e9deabf416e44ad83dc110016d1beae03770160c0fa7f448002cb00b1111010823da3cabc20fbfc7019f63de48e00b088be4ddfe14afeddf1f81f11a0d04640d80a1808c1e9e925cc0a00c6391f2c254400583011b06b7dae02602196ff210214da0a188701012188717b8d74fac4bc0018d7ad21c94a3f0cc92300cc62c998165c05c0e53678fc8f0850e630201c070c84616093ea663f0538f3db0c481e0160167b7fee85d9ff406f11907d1c7020c40244614adb2a6607c080961f922749583e8800306725c0586e02604913ccfe47042842200b80d3100b1005f71f2a9a1d000c8fe5ce103d02a0506e84ba70130037dae1f13f2240114eb300f0845880286c1e5acea200e8d9e81d72efca2ec81e0150281d3eaea1bafc7b7f82c7ff8800c5f0640170086201a2707c52298b028081cd811000e6f0c3976faa1e00cb9b62f63f2240310eb100d803b1005188a26fa68ef52c0b804e9fd622b7623640f808800219daea7d75f7fea7a4b4ab0e71220294620f0b804d100b1089a1df54b7f82980ebc836103e02a040a6f6fa5cd500e8571f9ffe11018ab28905803ba40244626e974a16070023d27321a48f00c897a5e3be533500367d83004004288a3b0b801f211520121b0695b32a00d8d9012f1f24840080f873d8b344bdbd003a7c644f9ee0e85f4480b2fcc8026030a40244e2c4e45256050063e9a42e103f02204f56cee882ad7f819e2260300b80ce900a1089e805c548a74f6a581d012147e643fe088017b81c309f7cf9969d2af26f53a73ab9d31e93ff10018ad399054053480588c6f06fab591d007dbffd2ff9f3da6e040002209b94a885c4f1dbf7b30380c958e90098dc103bff210254a1290b803a100a100d97ae95ac0e00c6e2b11d100008806cb62eea9b2d7f46db0fab2bbef4ef120efe4104a8338ed66101e000a100e176041c52cea6006004ec9f8300d0b9fc2f9c75792effec00f8c85ed10018da00dffd2302548b00071600c52114201a277f2c697300f46efa6ff2fbe59d0800dd3efa5f447ad07b207700b4533800fcbfc3d6bf40b50828fe7f841016010f20152012316eaf912ef56bd81c017adf2048cf01b0dee58717e4af7400f4c2beff40bd0878c0dc9f130089900a108d91cdabd91c008c33bfcd4000e80ce3e9b97f93ff5f01e0a05800ec6986c7ff40b50848cc1d0051100a108dc53d2b4a12008e5fbd4bee5cdc8e00d00b518b48e7866fab1a009debda934c080fa8170151b903c01b4201a2b17774194902803167704b92957e1801a003964fef92a7fc95fc0a60d5d7f8f40f548d00efdc01b00d4201a211e6528c74a85753b208d8b270000240e3f8ec189baffcff5a06287f0074fdd8019ffe81da11b02d7700cc8350805e4e062c88d3bb672000348ae1d4dc02e5af54001c6a8e4fff40f50898973b009c201320220b7bd8491a005d1afc8bc4fbfd8a00d01837c21692e675ec0b0d80363207008efc059c448053ee00f806320122b2dbb98ca40190b355709a712b02404393fe72b6fa2dfc098083acbbfe457e8fa57f808b08f8267700bc0999001109995b9c749038001863ba7e411eddda8700107eb31f3732d5e91bb3e4ffd74e80f205c0d8cfb1e73fe02602decc1d00452999100a1091c14dab4b1e000cb7516d35bf3240eb01b0c1d5d16cf9cbb90c901d3274b31d4efc035c4400737dd1e70180cd8080c8b876b393250018dbdd07230004e5ccee0916c95fce0070fd0adffd036e222031c7fbb903c017320122b2736459d902807176ef2c048060c4fbceb358fe720540878fecc9838e1017e026027cf30a80cd90091091a039c5650d80ae9fbf492e052e470008c2cdf085e4bb8f6a7213009bbec1a77fc055046cce2b0066412640540634ae2e6b04f46ff63eb91dbf0d0120c08cff3ecd3fb04afe7204000efc011c46c0acbc02a02f440244655e974ab206006358db4f487afc560400c7f277eefab9d5f2973a00d8c43f436b7b880af016017df30a80c61009c07e000533e8bb8f48f2f94d0800ee584406b5ad6793fcff5a0628dd46403f35c6b23fc0650434ce2b00de804880a884cf2f463a7d52539108e8dffc0372237a3d02801392a8fcfbb5fcd066f94bb915b0e327d8ef1f701b016fe4150045280f2013202a63bfabaa480030fa7cfd1f722d6c350240656e452c223d9bfe4712f94bf504008ffe01c711c01c5fe46f01608a8050880488ca2aa7f28a0500c3b1f17bc2af0e107db67f972fdf964cfe521d07ec8e47ff80df0808cdedfc9703601d440244e5d4b4928a0600a3271590c1772902406112431792f60dde9454fe5204c00ff5f0e81f701d01eb0a0a00678804884cbfafec158f80ee5fd42631deee08008548087623dfd77b4372f9db1a00ecd1fff9d658f607b88e00e78202a0292402446641773bc50320fb18e1cfde24e1c716200064e64aa02b6951a7862cf2b7350030eb1f0810014d0b0a003b480488ccbe31a555090046e74fff4502f6cf4500c8c4453f17d2ec7d7bd9e46fcb2a80819f62b73f204404d8e51b00a608b80591005189a2377a97fa35548b800ef55e2757ceb851b91e460048861b490a71255fbd5d4956f933d8637c4be5dfa9ae3db9d31e27fd01ee2320e965dfe71500c721122032935a57512d0018beab9d4866dc524252f623006c24356631b9e93399446fe92bbbfc1bd5b623adeb5826ffd63418825a61c91fe09f3f9dec6e9913000b211120321b0695533d009e45b99267310b49d68d1d08002b498f7127d70e0c21977feba74800347da7b2c59ffe5736c5a37f20067f38d9859913008e90081019ff5925f80800139997d610927e1801602629516e2435c4255bfc39281100dffebb8a45f21ff919e40fc4e1ced00acbcd09803a9008109dc14dab731300d91110bb8490140f044021a4d14ffd37bcc6bf207fa502a0e57fcd977fd78f1dc8fd8ef8de1f8843f298b2adcc0980a294a790081099258e15b90a806ca2dd48d6f5ad0880fc1ef9472d2657f60dfa9bfc950a80561f983701b0ed8758ef0fc4e259b7aa6c5c2c5a68009822e01c240244c67b6a49fe0220e769c0c59584a41f42003c7fe4bf90a404cec953fc4a06409b3af6664dfaf36e09f903b1b8dfcfee8fbc5c9f5f00ac864400be06902700b239ef4eb26eeed47d00a4c7fc44ae1f1f5da0fc950a80761f39142c7fca6fcdf0bd3f108fbb432a84591200bd2010203acbfa56e03700729e06c42f53756e807adff52f264967a7172a7e6503c01e33fe812649752eb7d0920078130201a2e33ba304f701f0d7dc800524f3f23a55be1650e3717f6a982bb9b27780d9f2572a000ada05d0a511b6f905e29238b1f4c76607802902922011203ac3bfadc67f00e4706e11c9bab649d1105052fce9918b49c2e11116895fc900c84ffee3bfc0277f202e8f7b5679969fe70b0a803d1008109d554ee5c509801cd80642573710927650f80048895e44d222dc48c2c1a156895fa90068fc76a53ce53fb8410d1cef0bc4de01b0bf5d823501300a0201a21330ab04e9205a00e45a369879792d21a9fb850b00b6856f6aa82bb9b26fb04de2572a009affa7eadfe4dfa39e0379d4110201824f001c5cc1c39a00f80402015a60548baa620640eec982c65f4956e236c9bf1e90fc317fb43b49f29d4a2eefe92f89f8950a8097f70068ff9103b98b037e8006481f5ebeaf3501f02a25030201a2b35ee1b301e40880179e0a5c5c45b26eede62300a2dc48fab99f484ad03c7255a24ffb6a0440db5c4b00d96a80411f43fe407cb23a5723bf0fae58d2e2003045800f04024427786e71d2b19e4602e0a5b90299f1cb4956c26642923d140b00b65d2fdbb52fd96f26b96a3aac476ee40e80f6751d9ecbff9bf7aa9063df401e407c1e3956be5790e30b0b80d91008d002e35b55d55e00e4b18a20f3c2caec0984d9a71066ef2f70d8860070fb4bf6313f91b48885242560b6d5b3f8450800b61150d3772b93a66f57c2c43fa08d130007d8f9db1200cd210fa005360f2da7fd00c86f8f81d825d91b0eb138c8bcb43a7bcf81ec48b8b699a4452dca967b5a986bf6097c6c4bde24bf19e4c68971e48ac7005564af4e00d4204ddea99cfdbf077d5405f2005af9fe7fa22d01508692098100d1097329463a7f52437f015008bc085eed006854fb7ffffbe0d71007109fcc2e5549e2a4d295ac0e005304044320400bcce850190180002890266f5722cf200fa00132fa56fabd30bf9b1300b3200fa0058e4c28850040001488d38778fc0fb4c19da1158e4b11000d200fa01506297042200240dc0038dd0ce200da207974d96e52044011ca6dc80368817503cb2300100079f2dd7b95210ea0099ef6a8c2e6ee15b139004c11b003f2005a990cd8f5d31a080004c0dff8f98baa9007d0c6feff4e7697cd71bbb901d01bf2005a616e974a080004c08b8701d5ae44323a401c401bdc1e567e9994015095920579002d70627229040002e00586d7c5a77fa01d92c6947d57b20030454004e401b4c2f06fab21001000cf39f71da401b4c1c35e9533ccf5ba2501e0027100cdec0c38a41c020001904d87ff60e91fd00ef70656f49323001a411c402b44ba1623dd1bd440002000c896aff0f81f686afbdfe17204003b1ef81ee401b4c282ee7608009d07c0d7d8f90f6869fbdfae55b3529dcb15933c004c11b017e2005ac1675a490480ce03604a7d7cfa07dae17e3fbb444b9c6e6900603920d014a35b544500e834001a51125b431a40538fff97ca190065298f210ea015768e288b00d06900f4fc0093ff80a61eff93c489a5abc81600a60838087100ad70ceed35e2d4d81e01a0c30038f60da40134b4fb5f7fbb1b96fadc9a00e80971002c094400881c00cddfc5beff40638fff47945fac440094a63c84388056885ef01ae9f3a53d02404701e0f61926ff01cd3dfeb7933d004c11e00171009c128800103100beaa5d89dc6b0f69004d1dfe93608dcbad0d80ae9006d01251aec588e3170e3689bfeb17ef90be2deb13df3503100032044097e69f91ef1bbc6773000cfa0893ff80e61effbb2a19002529191007d0122bfa55b058fa1deabd4ee64c1c42ce468692f8dbe9d9189313c9edcb8711001271eef4afc42b3a821c8b08cbc633329cacdbbe89b4ac57dbaa0088c6beff40433ceb5a35ebfa94d2e5140b005304ec86348096089f5f8cf4f8ccc122f96fd9b2fab9f8737335f9220240220222cf3c97ff0b84069356f5dfb548fefdeae0d33fd0dce3ffabd67adc9600e8086900adb1b47745b30360e532b73ce59fc3a3f3cb10001290fbd3ffcb1c0ef4238ddeae6cdec63fb5edc8c5ef210ca0b9c7ff73d50880e2943f210da02542e715275d3f2dfc90a0317dda11637a6a810170fbd24104808dc47ab9e62bff1c96af5d6656000cad8b99ff40638fffbb55cd4a9852bab4e201608a80ed9006d01a8b7b16fc14a0db97ef91a0b87305ca9f9178330a0160232161470b0d80e391e1a46fa71685cefcbfd916c200dae20f27bb4bb638dcd60068016100ad1134a738e95c3fffa7003b766d2a54fe8c0be929e449f42204800d9c8a092b3400fe9a0f1044be7aa74abe0130ae1e3efd034deefd3f59cd00284249803480d670ed96f751c133c6f4374bfe39dc8bdf8100b0920b07c799277f13ebb66dcc53fe8de9a7ffdbed200ba02d9ef4a8f234d5b9dcabaa05802902a6431840247c97be4e26ef9d4dba9df020dffbf890a18796914debbf7fe1dff19b598274fae445f9f76e5e8f44255cb1280092aefb2300ac242270974501c0be0a18dabbd3df02601a8efc051ae4f741154fdaea6f2902c081f20c620122b06d5d33d2e46c38691010ff37461efc99c42c2af1fcdf75eb6ef7c292bf235e472c923fe372ea750480959c8d0eb42800b223203c8434fd8fc373f93779bb12b9dfc1b6813662540b3261cb7ad2fa843f69e51548c66edd4802c6b78384806a6475ae46524695fb48f5003045c021c805f0ce99a5b5f2957f0eae3b47bcb022a0e7e77fed0bb078de248be59f4346dc5a0480855cda3b287bc31f4b0380b1c563d7f30070b571cfffe54ba693cf028c79de2b0b572c808c802adcef5729490a774b15006d2018c03be3f7cd2f50fe8c86fee749c4e2b2cfff9bf503cb93c11d9b92d8e45b560740da154f048085c49c596995fc731833b42ff9fa9d4ae4b10d9ffe7d27762af47e3931f5070809a8b1f67f064f01f00ae526240378a693d7a1420774c68195f59fff37318b4a11bf8800abe5cfb896644000584860e4299b02c093b2a2d9db360db28e078e167aaf7439721242024a4ffe7b76755aa957b909005304cc856400cf34f28b312b00566feaf4fcbf319c9e6b93fc73787cee670480059c2c60f73f73093f75c8ea41f651b737c8e7fe8642ef15f6f5c09f3ddf82988062dc1d5cc1472a6f4b1900b52859100de095867ee7cc0a80559bba64fffbb1dbbfa5f24e932400ee5ef4400098499ce73c9be59f43e2b2f1560db20903ea9b75af302e0c69083101c526ff258d2d5b9fbb003045c0098806881e006bc34e90f8c43849c49fc38d1b61080033090d3d22590030bca2c2895fc859127d7c27b9be6a2ab93fe2cb4207da6b033fb52000be849c804293ffec52a474b6d401d009a201c207c0959b92ca9f71313d893c8d76430098c1e998304903c0ac2870fe0a0100b8276d64f9d93c07c03f2929900de085d865af93b85dad89c1fb47d2309fe55c4a0400e34fe316044061bbff1d184d8e47c81f00854541e0c6850800c0d7e4bf9e559e5d9c5da228b701809d01012fb23746ed22f1370c2f08b861e005550320f9da1904402144066c5745fe7fdb4b203c020100f8daf96f70452fa97d2d4700d8511e40484056d92f7f83cabe0d95fd54628cdefd37d9e785da017025e52a02a0d0ddff02840b80e8198e1014907df25ffaf0f2ef711f00a60858014901d9647fd3689580d50e00c6c3d8950880fcd833807846450817001bc222c889ecaf0ffcb2bf3e48583d8ddc776e0c71012927ffc5cbe16ab902a0362513f20296cbbe1689dbdd96ca7e9a4db2e73500d22f1f4100e4c3b9d3bf72217f6b0220af3fe37f51b08b5c635130ba096406ace2f6b00aad8409005304ec83d08059b2f7994e65ff1b957dbc6ce2e52500aedf3a8700c887a0081f4d0500a2004841465f69f6fd573a001a4272e045d9b7534cf6bc06c085dba9e4498c3b02200fbca323341f000545419427a200e4b1effff0f283850b00530404417e3a65714912bbed6b62f09d4f8c574214973daf01c0f8fdc26f088097301c9bc98dfc950e80bcf08e0c2311defbc9cd25ce24b3fb1b10a14e79d0bbd21f723a5aee00c0c6407ae2570712b7bf1731846f22f1c9d7b8903e8f01702b310801f0b7ddff0e2200f23bd828329c04049d2217b7bb9307c33f8718f575eadf3c9103809d12780572d4f227fd5224ee901331c69f946cdf7cad07c0a5b49b54be0b1000b977ff8b0e450098c9e9881012bf7b1979d6f35f90a48679e458f93173a8b001608a801110a506712f4de20e0f22c6ebe7b8963e8f01c0b86fd88000307171ff48729c7eca450058be73a171cf4a1a02388d50a3dffd6f94dbcf4a044049ca1d48532be22f4be28e0e23c6c45861c4cf6300a45cf546009888f2dfc295fc450980dc2110b76f0d79eaf836c4a99d6d7f332fcf285946f800c0f6c01ae1a77224eed808127f234e38f1f3180057932f22004cf845f92300240a81d8fdebc8d3deef42a2c2affb2f7f4809372b15006528b721524197f06dfb46c84ffc3c0700e3d1f95f11007b9cc889a8080480c42170e3973110a9a03ced5e25f3c6c43295351300a6089808998ab794cfe03383c4a7a70a2f7f1e03e0f6a583ba0f80f33e3f73277fd1032087a8137b4866b7d72155d10efd1954f198525e5632004ae2a860813ef5af788b180d9e9a103faf0190783352f7011014e185009073c5407830f9635c3388551032bb56cdba3dac7c55cd058029024643aefc13b7a723894fbaaa29f9f3180017d253c8d3e845ba0e00efe8700480ccb07d04ae6c9803c10ac01f032a1e57d2c94a074031ca4d4896df19fe8680259a133faf01c0b817bf43b701107f742ab7d2d45200e410ea7b0c2b0538e659b7aa99778654b0d36c009822602864cb214b2a12a3e18466e5cf6b00245df7d36d008405ef4300a8f095c0e37eef43b81c727770855d4afb588d00284a498074f95ae2678c3dac69f9f31a00975313741b0067a24310002a70263c104b05f95bf7ff34794cd9929a0f0053043841bcbc3cf62f438ce7f66b5efebc060023236e8dee02e0d2be61dcedfea79700609c0d0b20cf1c6b43befcacfb5fa5868bd50a805729972060f5f7f13746efd685fc790e80b42b9eba0b8068bf8d5c0b52eb01c0604710e33c01f579d8abf2a3cb334bfe533701608a00474858e535fe115b75237f9e03e05a92417701e01f751601c001fec167b05780caa48c2ae7aa9687d50c80229428c8580516952086b00dba923fcf01c0787cee671d05407f2e77ffd363003002034f91acae35206315c8e85be90fe642dd058029021a43c8ca63f09eaa3bf9f31e00772f7ae82600624fba732f453d050023faf82e08599d4fff03d474b0aa01608a80bd90b2823bfc6d6c40e2d35310009c05c08d1ba1ba0980e0704f040087a4b83a41ca0a72bfbfdd75b5fdcb4300d4a23c829c155aee77254497f2e73d002ea6269367fe4bc9b3c8059a0f009f98700400877847866179a0426475ae46d24694ff4af701608a0017085a8147ff7e8b742b7fde03207b39a0cf2142f6af2559debf92ccc0c53406b413005777f423e9bf0c21bf2f992d840cf518008cb0d387216805f8b3bf5d180feee525004a51922069191ffd6fff964a260d01c07100a4468710b277fdffd8b78e641d5b4132cffc4c9e852e142e006e6d184cfe741b419e8e1f4648fffe84f4eb472e78ec410070ce8d5fc642d2321ff8736f60c55a08801723a00f442d134b2b1363e2795dcb5f8400b87223e1c5007899036b4896d73292e9f7137916eec65700eca6c2df3884dcfb750c79326b0cc91a36245bf82fe31f128c00e01cafa870f270405dc85a26a8fcb7f1e25d9e02e01f9450085b8647ff216b742f7f1102207b39e0b1dd0547402eb20eaf26599ecb4996cf2f24f3ec129219e84e9e852d943500ae50d1dfdc3890dcfe7538c9701d499e4c1d49329d8712e2d43f4fe1e7e6d99021d927d32100f82728c01bb29681478e9533eef7abf42a0220ef08f802c296f8d1fffa7a90bf40017027e48cd901902f1e94836b48d6d1957f3d3138b59464fad140085afcd7570939d058b8b16d30b9b96910b9b56e1049593d98a42f1f46eefe3282dcfb6924b9bfd0993c701d451ecd1d4d9efe3892649929fafc485cb74e1801ea3d001869731d216d89491b517e004fcee52a004c11b003e296f0d37fd87ac85fa00048bc6cb43d002cc14a995b43d8595f0480501b04f940da523efa1f50f1226fbee531006a5232206f093efdaf7c5bb76bfe450d800be96924f3c0164d0680575404024030ee4d6809794bc0d3ee55b26e4c2cf35f04807911300e029762d9df62885fb00060fc71f6b8e602e0b69bab50e24300e42c0b3c02814b40fa88f2db79742daf01f00a250c12b7815faa93f8d41b10bf8001901417a5b90038e7790c012020ecc8e607433f85c46de0419fecfdfe5f41005816011f529e42e6d8ef5f6f017029f916211e1b341500a705131f0200e70448b5e35fcaa872ed78f52cb701608a0057c8dc9a2d7fcb93f85b97207d410380f1e0e47ecd04c083f1e38512de618a7b5894d901e0161a450e6938004e448693277dde83d0ad5bf31fc0b363790f8062940b90ba65c41dea0fe10b1e006991819a09804bbb77712fb9fd11e164616834e91f1c4b1a0518cd967f0e5fd2ffa60ffd6f5de99fe1111eaeb90888dffd2b846e214f7a54799236a27c790480ed47066741ec163cfe8fdc06e10b1e00d712ae682600028283b894da11ca7c2aec1e41b1e4730b855f109f51ba05c59139f4cf3eac9100f00ff685d42de4ce900a1379f72bf701608a803510bb992c2a41e293af42f8820700e3e9911dc20740e6a0415ceefee71e1a455a051a24937e7eb4a07f871b0d01d10380bd86595d6b40ec6692d1b7d21511dc2a4a0094a3dc82e0cd58fbbfe973c85e230170976dc4227800dc5cbd922b91ad0c8b249de8a773b9c5ff32ed820ce4d7b028a12320c56d20e46e06cfba55cdbc33b4426d0480b411d0018237e3fb7faf8990bd4602e0c68558e10320fccc292ee47530223cfbfb7da5c5ff328e41b1649fa07304628e6e83e0cde0f6b0f2f345f1aa3001608a000f48be608c7147207b8d04c085b45492b57f93d001709283ddff76864790b60a3cee3717f6d5c3d670f1960e9e090f82e00be18f0176d74472aa680150959206d1e7c3920a243e2d19b2d7480030ee9f3e2a6c00dc9d374f7569ad0e8b245f071ab9917f0e8de9cf24da5702c7b39703fe07a2cf6fd67fcf2acf1227957e1301206f04b481ecf3f9fe7fe777107d0134f10c215fef39419a6df220ad566e266ddc9793766e4bc9f7bfac232dd6ef22dfec3c421a1f3843d65cbccecdcf9c7c2e4cd800883d72445561b119fe5f7026fe97570bcc0a8d112a02aeaf9c0cd9e7bfe1cf44d17c2a5c0098226025849fc7f2bf33f320fa5c18d3d3884f781859b96923193d6e1ce9d3a78f59f41b3090cc7777271e274e90e81b89aafe0e976f250a1b0067c2d513d5e2d0286ec5ff32f3045a2510e1bd1fc2cf83df07558c10d1a5a20640098a11d27f2900c23741fc94f3c94964e36fbbc9b0e1c3cd967ebe31d0bf3f7159b488f8c59e57edf779e4b957b8007838663439ae92a4d8d6bc5f0648f3d8ff2bfae77c1f6820dd83e2c880e0f3642085fdefd6f49f3596e8ab05b607c1aab04821022020e81484ff128f1c2b3f4a9c54ba2c0240d908a84b7902f1e79e007854d7e237a4a592dd478f9011cece368bff65faf6ed4bdc972d2361572e2bfe7bdd0ef3132e002eefdcae8aa0f684879366368ab93d15fce49018b2c98c897a6c32df54faefdabab4b029fd99770a3031f04c7820a49ffbd17f97aa24d5b95c27513d2a6c0098226002c49f2b00ae86ea56fe67cfc590f19326492efe97717272221b76efcafe7a41a9df2de1ea45e10220282840953dfc3bdb20e2bec1b136cdcedf41ff5bf694c0dabf9fad5460cb15790e00efc830883f177707573828b243450f8022141fc8ff2ff4ba03e0c1d3a7c880810365977f6e162c5992fd558322bf238d8d6787b609130059030610cf48e53fcd8e0939679578d9a7f735123e825f4fffac6e5686c8501a10bcef0808f13f3fe6f7cef5c9a55f4100a81b010e943bba0f00f7b2ba9ce4b76ec7f6ecc7f34aca3f874953a72af695c03d7f2f61022069f972c5c5c43e7d5b33e39f45c351997ea649213156ad0cd8c4f9570199dddfc06e7f5dab66a58d2cff89e8fe143e004c11d059f74b0057bca5bb00f879d54a55c49f1b36df20f4b2fc472fdf32c608130011a77c149792a58fde592cb82a30fb9e9d3960e98444b65b20cf0170dff92b1cf433b4c24f5a70a72602c014011b741d001b1be84afe5bf7ef535dfeff7b12f0a3ec5f075c4c4926591e1b8508006f851fffb359ff96ceba5faee0acfbb5f4ef6a68e19380151caf0a489fe3a86bf9df1b50314e2bded4520094a2c4e9f60c805dad75237fcfa040ea997edc0400c3d5dd5df68981193e07b90f807bb366292ea41e167edf3e478575f7ec44404b7ec60ef477e2350012978dd7adfc1ff6aef420e1c752e511007c46c03b947bba0c80fd3fe842fec117e2c9e0a143b9927f0e6c3e829cbf7b6a7430f7011077e8a0a232629fae2d11eb701527d98db3709222af5b055fd9e8a24bf93fed5e352b696cd9465a72a6a602c01401ed2859fa0b00475d04c0fcc58bb9943fa3bf935376a0c8f5bb5fbd91c07d009c0d0b555446632d906acb4043f65241b5c4c9261b5a722811af2b02ae6c9aafcbad7e5347969ba6355f6a2e004c11e08200d01edee161dcca3f87854b7f96f51a3c3eb69bdb00783c7264f681314acaa89505425dc8c196bbbf8499bf45313bc4e82802808ff5fe432af868d1955a0d00b63f802702405b4c9d358bfb00604b12cf4447cb760dee849ce13600ae6edda2a888b6849b3ff9af5d90811b815ab247008f5b04eb2d00eef7ab94c29c8200102b022a52ae2100b4c161df33dccb3f87d9aeaeb25d87c4cb466e032038c05f51114db5609d3d5b8ec78b40975b306f6174c83904808a3cee59e569d2d8b26f68d5939a0d805ce7053c4400880f9b652f4a00b0a70011d7e4d995f1427a2ac93cb085bb00c872722227a2945dfe67eefefb6c091e4f5becb2c7fa4dcc3caf80cd5b4000a843e65ffbfc77d6b223351d00a608e88300109bb89414c5b7fab5959d870fcb763dfef03dce5d00a42cfd597111353273839dde1c6eac33c8828d8b0e2100d4daec6795d6fda8f9003045c0720480b81cf53b2b94fc1973162c90ed7a24c54672170051de271595d001fa89de5c81cee760f2dfcbfc146afe64c0ed9c6d0dac8700f8c3c9ee9c1edca89700284a09400088c9d2d5ab840b80fe4efdc9b95b3765b91e97926f11e2b181ab00f05178f6bf251300d94e81bc05c00e0b7e7ede26026a3d001ef6aafc47f298b2251100da8a802a94ab0800f19830658a7001c038111c24db3579e8b58f9b00f873da34ae27d2ed0de7ef885db61f81b93fffe2d0280480423ce959e569caa872ffd68b17751300a608788f7217012016bceefc57181e5e5eb25d93b488006e02c078609fe2125a60e6d6baecd01f5eb7d46d6ae644c099a1310800254ef8eb56352b7564b9967a72a2ae02c014014d284f100062109b922ca4fc199bf7ee95edba5c4bb8c24d00f88586282e2173970036e770167d0ee6ee0a3896b3a5805a0c00b6d35ffa88f223f5e643dd058029027a2100c420283e5ed80058be6183acd7e6e9e11daa07c0d361c314dffd8f31d1cc2d805b711c001dcd5cc6e81c8c00909bdbc32a2cd3a30b751900a608988900e01faf90106103c0ede725b25e9bdf037d540f80844d1b55911002000120d936bf832b78e9d583ba0d0053046c4600f0cda9c8086103c07dd93259afcd8d0bb1aa074088ff5904000240dce57e03ece2f5ec40bd07005b1e780a01c02f61572e0b1b00ab366f96f5da5c484b2159fb36a91700fdfb13afa808040002404832fa564abf3eb974710480be23a01c250e01c02786b454ea9a7e4206c0f6830764bf3ef74f1f512d0052dddd559310020001600b8f1c2b3fbc35ae6c75bdfb4ff701608a805a941404009f0c1f3952c8003870ca47f66b937c2e4cb5008839e18900400088b7d6bf479567c963ca7e0af721007247c0c7947b08000e8f019e3953c800381d1529fbb5b97c2b51b5003815198e0040008875c04fd7aa595a3fe00701607d0434a4642000f862edf6edc2c97fc8b061d95f5f28717d1e79ee513c00ee4f9eacaa84100008008bd7fa77a9ca96fb8d80eb10000545c0b7944708007e38131d85150005703bcc4ff100b8e0b107018000106aa39fdbc3ca4f82e31000e644405bca5304003f8c7076162a000efb9e51ecda245cbda87800f887042300100022c97f0edc8600b02402ba533211003811d052060c1840ce272729777dd2d3c8b3835b150b80674386a8b2fb1f02000160d516bfc3cb2f86d31000d6448013250b01a03efeb1e749dfbe7d8508805fd6ac51fcfadcf3f7522c0012d7ad535d420800048099f25f099721006c89805108003e60dfabf32eff8183069188846b8a5f9b5bc618c50220ecac2f020001c03de923ca6f86c310005244c05404001fbb02b2c7eb3c07c0ba1ddb55b9361753924896c746450240adddff100008000be4bf17ee42004819010b1000eac3b6d7e555fec3860f27e7936ea9766d32bc0fca1e00e96e6e5c48080180002840fec7e12c0480ae22402f01c026d74dfaf147eee4cfb62b3ee6efa7eab5498d0a963d00ce791e43002000383ed6b7bc175c8500d0ddd7017a09809caf02d8a76d9e0260eb3e0fd5afcbd5c46bb207c0694e2484004000fced58df21158ec2510800a52606662100d4c3273c8cf47772e263d39fe5cbb9b92e8f8fee922d001e8c1fcf8d8410000880dcfc3ea8e241b80901a0f412c14c04807aec3b7952f50898b3c095c4a52473734dee049f912d002efeb60b018000e02e00e827ff4d70120240adcd829e2200d4c33b2c54b5af0396ad5fafd87effe69278c9285b0004040721001000dc04c05f3bfc555802172100d4de36f81102403d422e5d2413a64c564cfceca9c36fc78e72792d2ea4a792cc039b250f80cc418388a7cabbff21001000b94ef5236923ca4f87831000bc1c2094810050717540d22df2ebba75b27f253069ea54e21311cef5b5f8c3f7b8e4017063f52aae248400d06f003ceb56352b6554b9e1700f0280b7a384ef2100d425f8423c71fb7989e4db068f1e3b96ecf73e498ce969dc5f83a4d848c90320fccc6904000240f50078daa34a66d298b23de11c04008f11f031250501c0c711c28b7ef9850c1e3ad46ae9b388983a6b16d979f83031a4a608f3bb5f4abe4588c7064903e02407bbff2100f41d008f7fa8fcece6f832ade01a0400cf11508b128700e003635a2a39111c447e5dbb968c1e37aec0af0898f0870c1b46e6ba2d20bb8f1e21910909c2fede0fbdf649160077e7cde34e9e08007d05c0a35e951fde1a57e66338060120420494a39c4200f049d4f584ecd3058f070690c3be67c8a9c808127af992509ff20b232d2240b20088a53184004000a815000f7a57ba9b3ca6ac03dc82001029028a52362300801a5c4bb82c59009c090f430020005409808cbe9512d246942f0da72000440d81990800a0064f0fefb039001e8e19cda53c1100da0f803ffbdb05d1fffb0a3c8200103d027a519e20008092fc1ee86373005cdeb91d018000503400d8063f7707575807772000b414014d2877110040296e5c88b5390002830210000800c50280adf14f1f517e249c8100d06204bc47b98a00008aec0a989a42b2f66db43a00b2060c209e9111080004802201f0c8b1f2e3e43165bf862b10005a8e802a940004005082fba78f581d0049cb97732b4f0480b602e0cffe76b7af4f2e5d0b8e4000e86585c0720400909b947361560740c4291f04000240f600b83bb842e88539255e831b10007a0b813e948708002017976f265a1d00de9c3efe470068230032bb5425e9c3cbff0a172000f41c017529d71000402e1e79eeb13800eecd9ac5ad381100e207c0d31e559ea68f28df1d0e4000200216be5691e289000072703bf4acc5011077e820020001204b003cec55f9eeede1e5dfc5d88f0000ff8b802214174a16020048c9f52b172c0e80b361a108000480e401f0a7935de8fd7e958a61cc470080bc43a09d35c70a230040bea4a7916707b79a1d008f9d9dc9f1c870ae036052488c6e02605488f801c0d6f7df1e56c105633c0200141e01ef587aa220020014c43dbf136607c0d5ad5bb8963f63869901f06580911ce5f477f826d068d6ef3051f00078d0bb5246f298b28d31b6230080f911508ab2010100a4e09621c6ec00080ef0e73e0016854699254fc692b028ee7efe95619166fffc7343a3850d80bb832b445d9e59b22cc6740400b02e043a53ee2000802d5c4c4922591e1b0a0d802c272772222a82fb00586d8140bfa69fb457d17f9f979f7d3dfd599a99f9e99fb194b3803127009e76af9299ea5c6e16c6700400b03d021c283e0800600b19de070b0d8094a54bb9973fe308e5ab00f325fa19a55d90810c0e3e4f66d34fd4dbc395899c7554f6d34262c840faf7f60f8e251d82e2c8e766fecc8c2f280722c2850a808cbe95d293c694ad83b11b0100a45d253021bf53051100a03052a3820b0d8028ef93420400c3894ab5810532cd4d430a9b4720d7cf76904a7bb80d3f5f0e3f04c57277ddf30b00768adfef832b1ebe3eb9348ef045000019370e32220080a55c4dbc566800f8703efb3f37bf8645d92cd8f9327dbf3e4c02f933d85c071102e0498f2a4f6e0f2bef88311a0100e48f80129495080060294f8eeeca3700fe9c364d18f9e7d0ddcca574f9d138d028f923f6b516cc4f2888f6f477e3f19abf1c00f7fb56ba78674885aa189b110040d91068434943000073b9137c3adf00301ed8275c006c088bb0e83bf5bc582ef104c129662e512c6ccec24a8e262ee615006ca2df9da115e6612c460000f522a02ac5030100cc21f19221df00f00b0d112e0018f342a36d92ed6c89bf061828c1e3ff6932ce4f902200fe70b2bb766b5c99b7310623000007c41d1b3921fee6854c480e14c485b45492b97ff3df02e0c9f0e1dceffe571063ccdc1a382f9649bccc6eb28d4f0086d280e0f53a7b458513e3b609bf61cc450000ce30f84c7bdd18b5332e3e3d15b203f9f2a7efb1bf05c0b54d9b84957f0e334363b21f9d5b225bb653e0be7069c367950d73002673fcc93fd8ffd8c3b8df7eac87b1160100f80e81c1c64bfe8f203b901749b1917f0b8010ffb3c207006305956f9b4083d9c29d152a8f700758f835c077f4675ecae18e858c531121246ecf9c4d185b1100401062b7372b69f05fec159f7c0dd2032f7029e9e68b01d0bf3ff11260f73f73617bffbb8446676fba939f70d9c4c149327edade1f116e5604b4a5e26773108e70781d3d23c349d4f18de989f33eb3c3988a000022ce0dd8eff8ad317af71d880fe4e6a1d7bee70190eaeeae19f9bfcc6fe1e1c4950a961da8c3be5b6713f4a653f16f51682740f675007bacdf2f3896f4a10ca17fff04fab3b040d915ceef9c8bc0209fac2b2b7a4dc2188a0000e2af147825eeb8f36ae3b5f02cc80f30d223029e0740b4d709cd0600b00cefc83012bf7d86f1eee00ac5307622008096be16d8d8a0b621f097f3f1a9b720419d732de1f2f3003825f0ec7f200d6c0548b8f7ee87d75d1be2d85e0400d0f4d702870777351a3cef4184fae6e9e1ede4fee4c910a0cef10d0bc8bab079943bc6460400d0cfd702ff30f8bbaf88bf69c4de013ae5f7406f12efb11712d4296c4d7ff4b135e7529dcb15c1988800007a5c3278d6adba31664f18f60ed01f37e3cf13ff9060c8508704059eb81f7b70c1471803110000fc9f21f09766c6d8233721461ded0a989a22f4ee7fc072fc427d9f9d3bba0cb3fb010200e4313fe0e4e481c6d8c37f4090fa0052d4076743fdb20cbfcdd98c310e20004061f3038ac41d1f35c768f07c0049220080b89c8a0acc8cdb3dcb27d5b9dcab18db000200581202afc6794d70375e38fd18b244000071f0890ac90a39bb722f7b0f632c030800604b081435784f5b69bc1cf004d24400008e37f2890ecd0af6db709cbd673176010400906e23a1e5b58a1b4ecfd96cbc1af60cf24400007e38191d468202b6fac6acad5b026315400000197714fcac8ce1ec82df8c09d1d843000100545ecb1f14b42b346a67c7f2189b00020028b76260576b3b83bffbe1f81b068400020028c8092afec090bde7220f0eab8eb1082000807a21707c949d2164cd5ee3f598a7902a0200c8f8893f3a3c2b20ec4874d8a9c50e187b000200f0130207fbffd3e0b77081d17812e70c200080a4cbf9829e0605eff2083f31eb358c35000100f88e01cfb1bd0c91dbaec6a7de80681100c0ca13face4678ff117ae6972918530002008817027bbbd433f82f09325e8fc982701100c0bc897d01211e091187c734c51802100040fc95032b6b5789f39ab4d368388ebd041000209f5dfb82cfae3e1bb3be0126f6010400d0e4a642ff8c3b34709c2172dbcdf8d49b903002008ff9237c32c2bce62d62ef0d8c11000100743269b05f5d43c8ea53f137e2b0b11002407f8ff9c30e5f0ef79cd1046301400000dd6238bbf03543f00a37e345dfdbf1b7d320660480761ff347073f090ad9b72fcc777971bcf701020080dc31707a767d43f04a4fe3253f1c408400d0c6c13cd1215901a1078da17e6b5ae23d0e100000143e57a048dc813e4e86c0a5e78c5743b0d3200240acbdf9a3c24840c881e470cf1953d8bd8cf734400000605d0c148f3b3264bc216495d178fd1c96132200b8fd5edf2fece8ed50ef058bd93d8bf72e40000020650cfc52bd549ce7b81986f04d97e36f5e400c200054df93ff6c84d7bd9033bfae8d59f96e69bc470102000025f616d8dca8bcc167fa0263d4aeebf1c9d7207404802278468613dfc8d3f743fc37ec8edadeaa22de8b000100809a4b0a3dba5531f8ce5f6a8c3d74233ee53a9e0c20002497fe9928bf07c181db8f441c9d5813ef3980000080c79504bef38b53861942d79f355e38753f3e2d19b2470058b6414ff6ecfde067fee1c7138203b7ba87066c2c83f71640000020dad3817d3dde329c9af593216c43bcf14a30361d4200e43d733f3a8cf8859fb813ecbf697ff8f1c975f0de01080000b4b6bcf0b78edfd320d86788d89a664c8c4500e878029f6f84cfa3a0802d611187c7f6c2723d800000405f415026ee90d30083ff4fc78cb187d2e293af652100b4fc3dbeffe3c0108fb8b0932ed3d96b8ff70040000000fe9a3f70724a3183dfa27e8688ad478df1dec9f137e3331100e27ec23f1d1df4d83fc2eb4270d08e7961becb4be11e0700010080f973088e0c6d60f099b6d010b024c418b5f377e3d590acf8f454040067dfdffb469e7e1210b23f31c47ffd9e30ef05ad70ef0280000040eaaf0d8ac66efcf4b3b86323661b7c1778192236271a2f9e7922e2f1c6221e9fcbf6d63f1be17d3f3068b721f4d492f5513b3b3465af09ee4d00100000a8b331d1cada55e28e0eef67f09dbfd910b6e19cd1e0792ffed6c52c0480f58ff04f45053ef50b3f911614b4e36ca8cfe2a931eb1b54c7bd060002000031561d784d6860383d77b8c16fd14a43d0722f43f86683f1fc8174e345dfc7f1378d44cd2390d516bc37fd347f26caeff1d988937702420f5d080ade7d322460b37ba8efafad312b1f00040000dafe3a61ed07efc5ed77ec15777cf44283cf8c0306bfc55186b00d378ce70fde335e0e78129f74394bb400f0cc967b68d6e928ffa767c3bdee07047bdc0af6df1c1e72fad79de19ed3c7456f6956078fed01400000000adfddd0ce10bca2b1216cfd4043c8aa6986a0653f1b02976ea11ca2f81a027f893204af8c3784aebb6a88d87ac318b52bc5786eff6d63dcd17bc678ef0ce3c5b38f8c57429e1813a29fc5df8ccfca5eee98969cbde31d5b1ec73e8db3d3ec4e468765b1efd84f4507679e8e0a787a26d2efb16fe4e98767237c32fcc23deff9871dbded1f7a283920f4c095c0d0fde70243f605d2ff7b3c28ece0f6a0f0c3eec1a11ebd42033662ab5c0004e0ff01415ca6793d7af3170000000049454e44ae426082, 'M');

-- --------------------------------------------------------

--
-- Table structure for table `payment`
--

CREATE TABLE `payment` (
  `pId` int(11) NOT NULL,
  `paymentId` int(11) NOT NULL,
  `paidAmount` float DEFAULT NULL,
  `dueAmount` float DEFAULT NULL,
  `payement_method` varchar(50) DEFAULT NULL
) ENGINE=InnoDB DEFAULT CHARSET=latin1;

--
-- Dumping data for table `payment`
--

INSERT INTO `payment` (`pId`, `paymentId`, `paidAmount`, `dueAmount`, `payement_method`) VALUES
(1, 1, 100000, 20000, 'cash'),
(2, 2, 100000, 500, 'debit'),
(3, 3, 2000, 100000, 'cash'),
(4, 4, 480000, 2000, 'cash'),
(5, 5, 50000, 3000, 'debit'),
(1, 6, 34567, 6546, 'Cash'),
(1, 7, 25000, 73600, 'Credit'),
(1, 8, 6754, 6532, 'Credit'),
(1, 9, 1234, 657, 'Cash'),
(2, 10, 23123, 1234, 'Debit'),
(2, 11, 45390, 1000, 'Cash'),
(3, 12, 564, 567, 'Debit'),
(4, 13, 34567, 6546, 'Cash'),
(5, 14, 34567, 6546, 'Cash'),
(1, 15, 34567, 6546, 'Cash');

--
-- Indexes for dumped tables
--

--
-- Indexes for table `appointment`
--
ALTER TABLE `appointment`
  ADD PRIMARY KEY (`appid`),
  ADD KEY `fkey1` (`pid`),
  ADD KEY `fkey2` (`docid`);

--
-- Indexes for table `department`
--
ALTER TABLE `department`
  ADD PRIMARY KEY (`deptId`),
  ADD UNIQUE KEY `deptName` (`deptName`);

--
-- Indexes for table `doctor`
--
ALTER TABLE `doctor`
  ADD PRIMARY KEY (`docId`),
  ADD KEY `doctor_f_k` (`deptId`);

--
-- Indexes for table `doctor_email`
--
ALTER TABLE `doctor_email`
  ADD PRIMARY KEY (`docId`,`email`),
  ADD UNIQUE KEY `email` (`email`);

--
-- Indexes for table `doctor_medicalrecord`
--
ALTER TABLE `doctor_medicalrecord`
  ADD PRIMARY KEY (`docId`,`recordId`),
  ADD KEY `doc_medicalRecord_f_k_2` (`recordId`);

--
-- Indexes for table `doc_department`
--
ALTER TABLE `doc_department`
  ADD PRIMARY KEY (`docId`,`deptId`),
  ADD KEY `doc_department_f_k` (`deptId`);

--
-- Indexes for table `doc_patient`
--
ALTER TABLE `doc_patient`
  ADD PRIMARY KEY (`docId`,`pId`),
  ADD KEY `doc_patient_f_k_2` (`pId`);

--
-- Indexes for table `doc_phone`
--
ALTER TABLE `doc_phone`
  ADD PRIMARY KEY (`docId`,`phone`);

--
-- Indexes for table `guardian`
--
ALTER TABLE `guardian`
  ADD PRIMARY KEY (`NIC`,`pId`),
  ADD UNIQUE KEY `NIC` (`NIC`),
  ADD KEY `guardian_f_k` (`pId`);

--
-- Indexes for table `medical_records`
--
ALTER TABLE `medical_records`
  ADD PRIMARY KEY (`recordId`),
  ADD KEY `medical_record_f_k` (`pId`);

--
-- Indexes for table `patient`
--
ALTER TABLE `patient`
  ADD PRIMARY KEY (`pId`),
  ADD UNIQUE KEY `NIC` (`NIC`),
  ADD UNIQUE KEY `username` (`username`);

--
-- Indexes for table `payment`
--
ALTER TABLE `payment`
  ADD PRIMARY KEY (`paymentId`),
  ADD KEY `payment_f_k` (`pId`);

--
-- AUTO_INCREMENT for dumped tables
--

--
-- AUTO_INCREMENT for table `appointment`
--
ALTER TABLE `appointment`
  MODIFY `appid` int(11) NOT NULL AUTO_INCREMENT, AUTO_INCREMENT=6;

--
-- Constraints for dumped tables
--

--
-- Constraints for table `appointment`
--
ALTER TABLE `appointment`
  ADD CONSTRAINT `fkey1` FOREIGN KEY (`pid`) REFERENCES `patient` (`pId`),
  ADD CONSTRAINT `fkey2` FOREIGN KEY (`docid`) REFERENCES `doctor` (`docId`);

--
-- Constraints for table `doctor`
--
ALTER TABLE `doctor`
  ADD CONSTRAINT `doctor_f_k` FOREIGN KEY (`deptId`) REFERENCES `department` (`deptId`);

--
-- Constraints for table `doctor_email`
--
ALTER TABLE `doctor_email`
  ADD CONSTRAINT `doctor_email_f_k` FOREIGN KEY (`docId`) REFERENCES `doctor` (`docId`);

--
-- Constraints for table `doctor_medicalrecord`
--
ALTER TABLE `doctor_medicalrecord`
  ADD CONSTRAINT `doc_medicalRecord_f_k_1` FOREIGN KEY (`docId`) REFERENCES `doctor` (`docId`),
  ADD CONSTRAINT `doc_medicalRecord_f_k_2` FOREIGN KEY (`recordId`) REFERENCES `medical_records` (`recordId`);

--
-- Constraints for table `doc_department`
--
ALTER TABLE `doc_department`
  ADD CONSTRAINT `doc_department_f_k` FOREIGN KEY (`deptId`) REFERENCES `department` (`deptId`);

--
-- Constraints for table `doc_patient`
--
ALTER TABLE `doc_patient`
  ADD CONSTRAINT `doc_patient_f_k_1` FOREIGN KEY (`docId`) REFERENCES `doctor` (`docId`),
  ADD CONSTRAINT `doc_patient_f_k_2` FOREIGN KEY (`pId`) REFERENCES `patient` (`pId`);

--
-- Constraints for table `doc_phone`
--
ALTER TABLE `doc_phone`
  ADD CONSTRAINT `doc_phone_f_k` FOREIGN KEY (`docId`) REFERENCES `doctor` (`docId`);

--
-- Constraints for table `guardian`
--
ALTER TABLE `guardian`
  ADD CONSTRAINT `guardian_f_k` FOREIGN KEY (`pId`) REFERENCES `patient` (`pId`);

--
-- Constraints for table `medical_records`
--
ALTER TABLE `medical_records`
  ADD CONSTRAINT `medical_record_f_k` FOREIGN KEY (`pId`) REFERENCES `patient` (`pId`);

--
-- Constraints for table `payment`
--
ALTER TABLE `payment`
  ADD CONSTRAINT `payment_f_k` FOREIGN KEY (`pId`) REFERENCES `patient` (`pId`);
COMMIT;

/*!40101 SET CHARACTER_SET_CLIENT=@OLD_CHARACTER_SET_CLIENT */;
/*!40101 SET CHARACTER_SET_RESULTS=@OLD_CHARACTER_SET_RESULTS */;
/*!40101 SET COLLATION_CONNECTION=@OLD_COLLATION_CONNECTION */;
